New Test Article,no url lol,pfft
App sizes are out of control,https://trevore.com/blog/posts/app-sizes-are-out-of-control/,Complaints how the drive space articles are taking up is out of control
App sizes are out of control,https://trevore.com/blog/posts/app-sizes-are-out-of-control/,Complaints how the drive space articles are taking up is out of control
"","",Complaints how the drive space articles are taking up is out of control
"","",""
s,s,s
z,x,x
s,s,s
x,x,x
x,x,xxzxz
x,x,x
ddd,ddd,ddddfffffffffuhuhuhuhuhuhuhuhuhuhuhuhu
x,x,xgjgjgjgjgjjgjgjgjgjgjgjgjg
hello,url,descripition more char
ssssss,url,ssssssssssssssssssssss
s,url2,ssssssssaaaaaaaaaaaaaaaaaa
